deckId,cardId,name,faction,type,copiesPerDeck,included,includedMatches,drawn,plays,deployments,orders,attacksInitiated,deaths,unitTurnObservations,handEndTurnObservations,affordableHandEndTurnObservations,drawTurnSum,playTurnSum,presencePaid,damageDealt,effectiveDamageDealt,damageReceived,effectiveDamageReceived,kills,pressureContributed,captureContributions,survivalTurnSum,completedLives,survivingTurnExposure,affordableOpportunityTurns,playedOpportunityTurns,affordableReactionWindows,playedReactionWindows,costStrandedObservations,drawnMatches,drawnWins,playedMatches,playedWins,earlyPlayedMatches,earlyPlayedWins,latePlayedMatches,latePlayedWins,passiveTriggers,fortifyAbsorbed,fortifyEffectiveHealthProtected,commandBonusEnabled,commandEffectiveDamageEnabled,healingEnabled,healingDone,disruptionApplied,counteredOrders,shieldAbsorbed,shieldEffectiveHealthProtected,rallies,mobileMoves,rushAttacks,precisionBypasses,retaliateTriggers,retaliateEffectiveDamage,scavengeTriggers,scavengeCardsDrawn,sabotageApplications,traitsSuppressed,sabotageCombatWindows,drawnDecisiveMatches,playedDecisiveMatches,earlyPlayedDecisiveMatches,latePlayedDecisiveMatches,playRate,averageTurnDrawn,averageTurnPlayed,averagePresencePaid,averageSurvival,affordablePlayRate,strandedRate,pressurePerPresence,damagePerPresence,winRateDrawn,winRatePlayed,winRateEarly,winRateLate
stonewall-bastion,stonewall_rifles,Line Rifle Squad,stonewall,unit,3,6024,2008,3917,3565,3565,0,3107,2207,13355,4506,4489,55077,58640,14260,14715,12685,17396,14708,2212,38848,4163,12370,2207,11004,6961,3390,0,0,17,1815,836,1651,673,917,348,1262,501,1741,1741,1170,0,0,0,0,0,0,0,0,0,0,0,0,0,0,0,0,0,0,0,1815,1651,917,1262,0.9101353076333929,14.061016083737554,16.44880785413745,4,5.604893520616221,0.4869989943973567,0.0037727474478473147,2.724263674614306,1.0319074333800842,0.46060606060606063,0.4076317383403998,0.37949836423118866,0.3969889064976228
stonewall-bastion,stonewall_escort,Armored Escort,stonewall,unit,2,4016,2008,2669,2613,2613,0,2121,1814,8962,287,248,38286,38126,15678,13109,11790,16022,13935,1520,45006,3519,9714,1814,5422,2799,2555,0,0,39,1638,778,1609,749,1062,527,943,405,1605,1317,882,0,0,0,0,0,0,0,0,0,0,0,0,0,0,0,0,0,0,0,1638,1609,1062,943,0.979018358935931,14.344698388909704,14.590891695369308,6,5.355016538037487,0.9128260092890318,0.13588850174216027,2.870646766169154,0.8361398137517541,0.47496947496947495,0.46550652579241764,0.4962335216572505,0.42948038176033937
stonewall-bastion,stonewall_commander,Defense Commander,stonewall,leader,2,4016,2008,2640,2457,2457,0,2033,1630,9233,1649,1456,36593,36698,17199,12606,10806,16498,14452,1652,58716,3952,9727,1630,5868,2819,2445,0,0,193,1638,820,1613,795,1062,583,956,404,9333,1536,1132,7797,5380.166666666667,0,0,0,0,0,0,0,0,0,0,0,0,0,0,0,0,0,1638,1613,1062,956,0.9306818181818182,13.860984848484849,14.936100936100937,7,5.9674846625766875,0.8673288400141894,0.1170406306852638,3.413919413919414,0.7329495900924472,0.5006105006105006,0.49287042777433354,0.5489642184557438,0.4225941422594142
stonewall-bastion,stonewall_heavy,Bastion Heavy,stonewall,unit,2,4016,2008,2635,2598,2598,0,3996,1470,10549,181,181,37023,37037,20784,20812,17740,21036,19237,3295,80832,4967,9640,1470,8496,2660,2489,0,0,0,1629,834,1615,820,1070,590,924,419,1024,1024,887,0,0,0,0,0,0,0,0,0,0,0,0,0,0,0,0,0,0,0,1629,1615,1070,924,0.9859582542694497,14.050474383301708,14.255966127790607,8,6.557823129251701,0.9357142857142857,0,3.8891454965357966,1.0013471901462663,0.5119705340699816,0.5077399380804953,0.5514018691588785,0.45346320346320346
stonewall-bastion,stonewall_defender,Shield Defender,stonewall,unit,3,6024,2008,4011,3840,3840,0,2406,2473,15761,1652,1582,57385,58018,19200,14901,13623,26523,22956,1611,60850,5711,15112,2473,11974,4982,3730,0,0,70,1848,851,1806,809,1296,564,1158,497,702,0,0,0,0,0,0,0,0,0,0,0,0,0,0,0,0,0,0,0,0,0,1848,1806,1296,1158,0.9573672400897532,14.30690600847669,15.108854166666667,5,6.11079660331581,0.7486953030911281,0.0423728813559322,3.1692708333333335,0.77609375,0.4604978354978355,0.4479512735326689,0.4351851851851852,0.42918825561312607
stonewall-bastion,stonewall_medic,Field Medic,stonewall,unit,2,4016,2008,2654,2332,2332,0,686,1750,6483,4303,4240,37974,41269,11660,5983,5490,11767,10335,583,26880,2530,6075,1750,4220,6024,2262,0,0,63,1631,746,1435,566,412,144,1216,485,5123,0,0,0,0,5074.5,0,0,0,0,0,0,0,0,0,0,0,0,0,0,0,0,1631,1435,412,1216,0.8786737000753579,14.308214016578749,17.696826758147512,5,3.4714285714285715,0.3754980079681275,0.014640948175691379,2.305317324185249,0.5131217838765009,0.457388105456775,0.39442508710801394,0.34951456310679613,0.3988486842105263
stonewall-bastion,stonewall_watchguard,Watchguard Detachment,stonewall,unit,3,6024,2008,3951,3792,3792,0,1972,2412,14667,2475,2415,56503,58967,18960,13127,11993,21656,18648,1509,57100,5471,13343,2412,11606,5550,3628,0,0,60,1813,834,1776,797,1209,538,1188,513,1835,0,0,0,0,0,0,0,0,0,0,0,0,0,0,1190,1190,0,0,0,0,0,1813,1776,1209,1188,0.9597570235383447,14.300936471779297,15.550369198312236,5,5.531923714759536,0.6536936936936937,0.024242424242424242,3.011603375527426,0.6923523206751054,0.46001103143960287,0.44876126126126126,0.44499586435070304,0.4318181818181818
stonewall-bastion,stonewall_brace,Brace for Impact,stonewall,order,2,4016,2008,2601,2240,0,2240,0,0,0,6104,6101,37823,40098,4480,0,0,0,0,0,0,0,0,0,0,0,0,2483,2240,3,1596,720,1389,523,582,220,1043,368,0,0,0,0,0,0,0,0,0,5936,5025,0,0,0,0,0,0,0,0,0,0,0,1596,1389,582,1043,0.8612072279892349,14.541714725105729,17.900892857142857,2,,0.9021345146999598,0.000491480996068152,0,0,0.45112781954887216,0.37652987760979123,0.37800687285223367,0.35282837967401726
stonewall-bastion,stonewall_fire_support,Defensive Fire,stonewall,order,2,4016,2008,2559,2412,0,2412,0,0,0,4925,4899,35898,42919,9648,7236,5537,0,0,1818,0,0,0,0,0,6167,2374,0,0,26,1587,715,1515,674,411,145,1297,590,0,0,0,0,0,0,0,0,0,0,0,0,0,0,0,0,0,0,0,0,0,0,1587,1515,411,1297,0.9425556858147714,14.028135990621337,17.793946932006634,4,,0.3849521647478515,0.005279187817258883,0,0.75,0.4505356017643352,0.4448844884488449,0.35279805352798055,0.4548959136468774
stonewall-bastion,stonewall_aid_station,Forward Aid Station,stonewall,asset,1,2008,2008,1257,653,653,0,0,449,3970,6338,6301,14102,14572,3265,0,0,5407,4841,0,10100,1106,4237,449,2979,6991,653,0,0,37,1205,510,606,107,39,6,569,101,1221,0,0,0,0,1217.5,0,0,0,0,0,0,0,0,0,0,0,0,0,0,0,0,1205,606,39,569,0.5194908512330947,11.218774860779634,22.315467075038285,5,9.43652561247216,0.09340580746674296,0.005837803723572105,3.0934150076569678,0,0.42323651452282157,0.17656765676567657,0.15384615384615385,0.17750439367311072
stonewall-bastion,stonewall_triage,Emergency Triage,stonewall,order,2,4016,2008,2647,2097,0,2097,0,0,0,7193,7182,38434,41602,6291,0,0,0,0,0,0,0,0,0,0,3998,1645,0,0,11,1614,713,1291,688,217,104,1171,636,0,0,0,0,0,0,7543,0,0,0,0,0,0,0,0,0,0,0,0,0,0,0,1614,1291,217,1171,0.7922176048356631,14.51983377408387,19.83881735813066,3,,0.411455727863932,0.0015292645627693591,0,0,0.44175960346964066,0.5329202168861348,0.4792626728110599,0.5431255337318531
stonewall-bastion,stonewall_redoubt,Field Redoubt,stonewall,asset,2,4016,2008,2440,1553,1553,0,0,675,12435,9515,9353,24550,26782,9318,0,0,9009,8456,0,33810,3063,8451,675,14574,9486,1477,0,0,162,1630,728,1010,237,192,48,896,204,6151,2183,1666,3968,1524.8333333333335,0,0,0,0,0,0,0,0,0,0,0,0,0,0,0,0,0,1630,1010,192,896,0.6364754098360655,10.061475409836065,17.245331616226657,6,12.52,0.1557031414716424,0.017025748817656332,3.628461043142305,0,0.4466257668711656,0.23465346534653464,0.25,0.22767857142857142
stonewall-counteroffensive,stonewall_medic,Field Medic,stonewall,unit,3,6000,2000,3648,2970,2970,0,754,2184,8111,8014,7929,39258,44071,14850,6691,6183,14390,12845,709,34485,3614,6976,2184,5741,8743,2728,0,0,85,1805,1020,1489,729,394,168,1309,636,5495,0,0,0,0,5356.416666666667,0,0,0,0,0,0,0,0,0,0,0,0,0,0,0,0,1805,1489,394,1309,0.8141447368421053,10.761513157894736,14.838720538720539,5,3.1941391941391943,0.31202104540775477,0.010606438732218617,2.3222222222222224,0.45057239057239057,0.5650969529085873,0.4895903290799194,0.4263959390862944,0.48586707410236823
stonewall-counteroffensive,stonewall_rally,Hold the Line,stonewall,order,2,4000,2000,2337,485,0,485,0,0,0,17478,17476,21755,9992,970,0,0,0,0,0,0,0,0,0,0,0,0,0,0,2,1594,871,424,176,61,30,370,148,0,0,0,0,0,0,0,0,0,0,0,485,0,0,0,0,0,0,0,0,0,0,1594,424,61,370,0.20753102267864784,9.308943089430894,20.602061855670105,2,,,0.00011442956860052638,0,0,0.5464240903387704,0.41509433962264153,0.4918032786885246,0.4
stonewall-counteroffensive,stonewall_heavy,Bastion Heavy,stonewall,unit,2,4000,2000,2449,2393,2393,0,3917,1382,9208,238,238,26964,26618,19144,20264,17351,20274,18836,3067,70128,4446,8618,1382,6916,2534,2309,0,0,0,1637,1020,1614,997,1042,692,901,517,1301,1301,1073,0,0,0,0,0,0,0,0,0,0,0,0,0,0,0,0,0,0,0,1637,1614,1042,901,0.9771335238873009,11.010208248264599,11.123276222315086,8,6.23589001447178,0.9112075769534334,0,3.6631842875052234,1.058503969912244,0.6230910201588271,0.6177199504337051,0.6641074856046065,0.5738068812430632
stonewall-counteroffensive,stonewall_commander,Defense Commander,stonewall,leader,2,4000,2000,2427,2235,2235,0,1700,1504,8156,1303,1243,25673,24966,15645,11119,9481,15090,13437,1553,52101,3572,8537,1504,5048,2444,2229,0,0,60,1611,954,1576,919,1043,639,924,503,8032,1524,1052,6508,5024,0,0,0,0,0,0,0,0,0,0,0,0,0,0,0,0,0,1611,1576,1043,924,0.9208899876390606,10.57807993407499,11.170469798657718,7,5.676196808510638,0.9120294599018003,0.04604758250191865,3.330201342281879,0.7107062959411953,0.5921787709497207,0.5831218274111675,0.6126558005752637,0.5443722943722944
stonewall-counteroffensive,stonewall_rifles,Line Rifle Squad,stonewall,unit,3,6000,2000,3637,3171,3171,0,2335,1926,11615,5008,4980,38489,40786,12684,11832,10175,14912,13000,1674,34060,3946,9791,1926,10033,6918,3003,0,0,28,1801,1011,1596,808,906,440,1167,579,1510,1510,900,0,0,0,0,0,0,0,0,0,0,0,0,0,0,0,0,0,0,0,1801,1596,906,1167,0.871872422326093,10.58262304096783,12.862188584042888,4,5.083592938733125,0.4340849956634866,0.005591054313099041,2.685272784610533,0.9328287606433302,0.5613548028872848,0.506265664160401,0.4856512141280353,0.4961439588688946
stonewall-counteroffensive,stonewall_recovery_team,Recovery Column,stonewall,unit,2,4000,2000,2453,2254,2254,0,268,1833,4836,1971,1925,26748,27383,11270,4409,4210,9143,7845,304,21685,2021,4750,1833,2313,3975,2210,0,0,46,1610,911,1501,802,834,407,942,514,3686,0,0,0,0,2341.5833333333344,0,0,0,0,0,0,1287,0,0,0,0,0,0,0,0,0,1610,1501,834,942,0.9188748471259682,10.90419894007338,12.148624667258208,5,2.5913802509547192,0.5559748427672956,0.023338406900050734,1.9241348713398403,0.3912156166814552,0.5658385093167702,0.5343104596935376,0.4880095923261391,0.5456475583864119
stonewall-counteroffensive,stonewall_escort,Armored Escort,stonewall,unit,2,4000,2000,2494,2354,2354,0,1591,1530,8115,1221,1097,26485,26517,14124,10771,9699,13702,12149,1198,38490,3440,7664,1530,5806,3364,2304,0,0,124,1634,945,1564,875,992,562,895,493,1633,1242,795,0,0,0,0,0,0,0,0,0,0,0,0,0,0,0,0,0,0,0,1634,1564,992,895,0.9438652766639936,10.619486768243785,11.26465590484282,6,5.009150326797386,0.6848989298454221,0.10155610155610155,2.725148683092608,0.7626026621353724,0.5783353733170135,0.559462915601023,0.5665322580645161,0.5508379888268157
stonewall-counteroffensive,stonewall_watchguard,Watchguard Detachment,stonewall,unit,2,4000,2000,2440,2164,2164,0,914,1399,7143,3675,3629,25590,28269,10820,7077,6548,12531,10857,793,29395,2990,6015,1399,5681,5261,2056,0,0,46,1609,899,1449,744,587,277,1055,547,1280,0,0,0,0,0,0,0,0,0,0,0,0,0,0,777,777,0,0,0,0,0,1609,1449,587,1055,0.8868852459016393,10.487704918032787,13.063308687615526,5,4.299499642601859,0.39080022809351833,0.012517006802721088,2.716728280961183,0.6540665434380777,0.5587321317588564,0.5134575569358178,0.47189097103918226,0.5184834123222749
stonewall-counteroffensive,stonewall_fire_support,Defensive Fire,stonewall,order,2,4000,2000,2364,2185,0,2185,0,0,0,5508,5484,23881,31600,8740,6555,5028,0,0,1600,0,0,0,0,0,6263,2145,0,0,24,1557,871,1473,799,378,186,1285,704,0,0,0,0,0,0,0,0,0,0,0,0,0,0,0,0,0,0,0,0,0,0,1557,1473,378,1285,0.9242808798646363,10.101945854483926,14.462242562929061,4,,0.342487625738464,0.004357298474945534,0,0.75,0.5594091201027617,0.5424304141208418,0.49206349206349204,0.5478599221789884
stonewall-counteroffensive,stonewall_triage,Emergency Triage,stonewall,order,2,4000,2000,2374,1830,0,1830,0,0,0,7218,7213,25241,29570,5490,0,0,0,0,0,0,0,0,0,0,3239,1288,0,0,5,1587,866,1240,814,240,140,1103,737,0,0,0,0,0,0,6447,0,0,0,0,0,0,0,0,0,0,0,0,0,0,0,1587,1240,240,1103,0.7708508845829823,10.632266217354676,16.15846994535519,3,,0.3976535967891324,0.0006927126627874758,0,0,0.5456836798991809,0.6564516129032258,0.5833333333333334,0.6681776971894833
stonewall-counteroffensive,stonewall_pathfinder,Route Pathfinder,stonewall,unit,1,2000,2000,1179,973,973,0,417,774,2329,2308,2297,12664,13757,3892,3139,2798,4120,3436,359,8108,869,2489,774,1215,3281,973,0,0,11,1133,601,932,418,264,104,674,316,576,0,0,0,0,0,0,0,0,0,0,0,576,0,0,0,0,0,0,0,0,0,1133,932,264,674,0.825275657336726,10.74130619168787,14.13874614594039,4,3.2157622739018086,0.29655592807071013,0.004766031195840554,2.0832476875642345,0.8065262076053443,0.53045013239188,0.44849785407725323,0.3939393939393939,0.4688427299703264
stonewall-counteroffensive,stonewall_counterbattery,Counterbattery Section,stonewall,unit,3,6000,2000,3679,3550,3550,0,3915,1873,14814,914,725,40449,40268,21300,17672,15170,21794,19574,2703,71790,6161,12501,1873,12833,4112,3417,0,0,189,1831,1056,1814,1039,1319,786,1152,614,1904,1615,1165,0,0,0,0,0,0,0,0,0,0,0,0,289,289,0,0,0,0,0,1831,1814,1319,1152,0.9649361239467247,10.994563740146779,11.343098591549296,6,6.674319273892151,0.8309824902723736,0.20678336980306344,3.370422535211268,0.8296713615023474,0.5767340251228836,0.5727673649393605,0.5959059893858984,0.5329861111111112
bruiser-shock-assault,bruiser_commander,Assault Commander,bruiser,leader,2,4000,2000,2888,2816,2816,0,1453,2566,6286,2512,2393,37008,40851,19712,15399,12973,15869,13356,2020,40117,2078,8297,2566,1438,4475,2802,0,0,119,1750,478,1730,458,844,244,1402,345,5302,0,0,4092,2617.9999999999995,0,0,0,0,0,0,0,0,0,0,0,0,0,0,0,0,0,1750,1730,844,1402,0.9750692520775623,12.814404432132964,14.506747159090908,7,3.233437256430242,0.626145251396648,0.047372611464968156,2.03515625,0.7811992694805194,0.27314285714285713,0.26473988439306356,0.2890995260663507,0.24607703281027105
bruiser-shock-assault,bruiser_gunner,Rage Gunner,bruiser,unit,2,4000,2000,2921,2839,2839,0,2119,2503,6355,3703,3683,38339,44547,17034,17992,14169,13501,10541,2436,34728,2261,8679,2503,1761,5915,2725,0,0,20,1767,460,1722,417,406,97,1520,365,871,0,0,0,0,0,0,0,0,0,0,0,0,0,0,0,0,0,0,0,0,0,1767,1722,406,1520,0.9719274221157138,13.125299554946936,15.69108841141247,6,3.4674390731122653,0.4606931530008453,0.0054010261949770455,2.0387460373370905,1.0562404602559587,0.26032823995472554,0.2421602787456446,0.23891625615763548,0.24013157894736842
bruiser-shock-assault,bruiser_ambush,Violent Reprisal,bruiser,order,2,4000,2000,2928,2449,0,2449,0,0,0,8213,8211,38803,39695,7347,4188,4128,0,0,104,0,0,0,0,0,0,0,4100,2449,2,1762,435,1587,347,521,118,1330,265,0,0,0,0,0,0,0,0,0,0,0,0,0,0,0,0,0,0,0,0,0,0,1762,1587,521,1330,0.8364071038251366,13.252390710382514,16.208656594528378,3,,0.5973170731707317,0.00024351637647631802,0,0.5700285830951409,0.24687854710556187,0.21865154379332072,0.22648752399232247,0.19924812030075187
bruiser-shock-assault,bruiser_bombard,Demolition Charge,bruiser,order,2,4000,2000,2881,2855,0,2855,0,0,0,2092,2080,37620,41582,14275,14275,10652,0,0,2632,0,0,0,0,0,4127,2802,0,0,12,1743,445,1736,439,910,260,1303,285,0,0,0,0,0,0,0,0,0,0,0,0,0,0,0,0,0,0,0,0,0,0,1743,1736,910,1303,0.9909753557792433,13.057965984033322,14.5646234676007,5,,0.6789435425248365,0.0057361376673040155,0,1,0.25530694205393,0.2528801843317972,0.2857142857142857,0.21872601688411358
bruiser-shock-assault,bruiser_rally,Second Wind,bruiser,order,2,4000,2000,2851,424,0,424,0,0,0,25452,25451,34661,8124,848,0,0,0,0,0,0,0,0,0,0,0,0,0,0,1,1786,411,396,95,30,7,368,88,0,0,0,0,0,0,0,0,0,0,0,424,0,0,0,0,0,0,0,0,0,0,1786,396,30,368,0.14871974745703262,12.157488600491055,19.160377358490567,2,,,0.00003928964325003929,0,0,0.23012318029115342,0.2398989898989899,0.23333333333333334,0.2391304347826087
bruiser-shock-assault,bruiser_shock_runner,Shock Runner,bruiser,unit,3,6000,2000,4391,4356,4356,0,2086,4130,6512,538,538,58773,59662,17424,13044,11228,16468,12550,1814,21924,1483,8910,4130,1120,4601,4228,0,0,0,1900,482,1892,474,1344,333,1485,328,2715,0,0,0,0,0,0,0,0,0,0,0,2715,1147,0,0,0,0,0,0,0,0,1900,1892,1344,1485,0.9920291505351856,13.384878159872466,13.696510560146924,4,2.1573849878934626,0.9189306672462508,0,1.2582644628099173,0.7486225895316805,0.2536842105263158,0.25052854122621565,0.24776785714285715,0.22087542087542086
bruiser-shock-assault,bruiser_heavy,Siege Heavy,bruiser,unit,2,4000,2000,2951,2907,2907,0,2016,2484,7375,1977,1858,40810,44173,20349,16015,13820,16176,13307,2057,47005,2772,9389,2484,2459,4601,2855,0,0,119,1775,476,1755,456,779,218,1399,350,0,0,0,0,0,0,0,0,0,0,0,0,0,0,0,0,0,0,0,0,0,0,1775,1755,779,1399,0.9850898000677737,13.829210437139952,15.195390436876504,7,3.779790660225443,0.6205172788524234,0.06019221041982802,2.309941520467836,0.7870165610103691,0.26816901408450705,0.25982905982905985,0.2798459563543004,0.25017869907076484
bruiser-shock-assault,bruiser_assault,Assault Squad,bruiser,unit,4,8000,2000,5935,5878,5878,0,3622,5235,13675,1948,1941,78982,82427,29390,23277,20459,28207,22047,2958,55940,4120,17075,5235,5030,6835,5634,0,0,7,1959,510,1953,504,1565,391,1669,402,0,0,0,0,0,0,0,0,0,0,0,0,0,1559,0,0,0,0,0,0,0,0,1959,1953,1565,1669,0.9903959561920809,13.307834877843302,14.022966995576727,5,3.261700095510984,0.8242867593269935,0.003593429158110883,1.9033684926845866,0.7920040830214359,0.26033690658499237,0.25806451612903225,0.2498402555910543,0.2408627920910725
bruiser-shock-assault,bruiser_brawler,Scarred Brawler,bruiser,unit,2,4000,2000,2982,2797,2797,0,1878,2507,6509,5516,5506,39110,46801,11188,12277,10560,13467,10491,1645,23624,2118,8960,2507,1896,7350,2649,0,0,10,1789,433,1674,330,227,34,1568,311,976,0,0,0,0,0,0,0,0,0,0,0,0,0,0,0,0,0,0,0,0,0,1789,1674,227,1568,0.9379610999329309,13.115358819584172,16.732570611369326,4,3.5739928201037094,0.3604081632653061,0.0018129079042784628,2.111548087236325,1.0973364318913121,0.24203465623253215,0.1971326164874552,0.14977973568281938,0.19834183673469388
bruiser-shock-assault,bruiser_breach_caller,Breach Caller,bruiser,unit,2,4000,2000,2941,2892,2892,0,1198,2629,5316,2499,2496,39377,43813,14460,7752,7136,13499,10863,1016,23670,1709,6087,2629,1691,4950,2790,0,0,3,1770,459,1747,436,675,155,1410,347,3335,0,0,3335,2124,0,0,0,0,0,0,0,0,700,0,0,0,0,0,0,0,0,1770,1747,675,1410,0.9833390003400204,13.38898333900034,15.14972337482711,5,2.3153290224419933,0.5636363636363636,0.0012004801920768306,1.6369294605809128,0.5360995850622406,0.2593220338983051,0.249570692615913,0.22962962962962963,0.24609929078014184
bruiser-shock-assault,bruiser_breacher,Breach Team,bruiser,unit,3,6000,2000,4405,4387,4387,0,3188,3993,8820,134,115,57878,58326,30709,26539,21785,21832,16707,3497,54467,2741,11247,3993,2533,4243,4137,0,0,19,1914,518,1910,514,1384,386,1481,371,0,0,0,0,0,0,0,0,0,0,0,0,0,1452,0,0,0,0,0,0,0,0,1914,1910,1384,1481,0.9959137343927356,13.139160045402951,13.295190335080921,7,2.816679188580015,0.9750176761725194,0.1417910447761194,1.773649418737178,0.8642091894884236,0.27063740856844304,0.26910994764397905,0.27890173410404623,0.25050641458474004
bruiser-heavy-breakthrough,bruiser_rupture_heavy,Rupture Heavy,bruiser,unit,3,6000,2000,5346,5326,5326,0,2826,4280,11571,520,459,88130,89081,53260,34235,23849,23363,18726,4493,108880,5725,12559,4280,4544,4792,4684,0,0,61,1956,1345,1955,1344,1362,940,1601,1080,1103,0,0,0,0,0,0,0,0,0,0,0,0,0,0,0,0,0,0,0,0,0,1956,1955,1362,1601,0.996258885147774,16.485222596333706,16.725685317311303,10,2.9343457943925233,0.9774624373956594,0.11730769230769231,2.0443109275253475,0.642790086368757,0.6876278118609407,0.6874680306905371,0.6901615271659325,0.674578388507183
bruiser-heavy-breakthrough,bruiser_overrun_charge,Overrun Charge,bruiser,order,3,6000,2000,5230,5025,0,5025,0,0,0,4032,3425,87350,89073,30150,30150,22778,0,0,4682,0,0,0,0,0,6384,4675,0,0,607,1895,1293,1881,1281,1237,848,1603,1061,0,0,0,0,0,0,0,0,0,0,0,0,0,0,0,0,0,0,0,0,0,0,1895,1881,1237,1603,0.9608030592734226,16.70172084130019,17.72597014925373,6,,0.7322994987468672,0.1505456349206349,0,1,0.6823218997361478,0.6810207336523126,0.6855295068714632,0.6618839675608235
bruiser-heavy-breakthrough,bruiser_banner,Assault Standard,bruiser,asset,1,2000,2000,1653,1165,1165,0,0,692,7406,5138,4868,23848,22169,5825,0,0,6528,5625,0,15180,1268,5656,692,7611,6076,1115,0,0,270,1513,974,1051,526,80,38,976,490,1736,0,0,1736,926.6666666666666,0,0,0,0,0,0,0,0,0,0,0,0,0,0,0,0,0,1513,1051,80,976,0.7047791893526921,14.427102238354507,19.029184549356223,5,8.173410404624278,0.18350888742593813,0.05254963020630596,2.606008583690987,0,0.6437541308658294,0.5004757373929591,0.475,0.5020491803278688
bruiser-heavy-breakthrough,bruiser_heavy,Siege Heavy,bruiser,unit,4,8000,2000,7159,7060,7060,0,5435,5316,20256,2408,1586,116136,118870,49420,38338,32590,36180,30049,5194,126966,8754,23059,5316,9911,7533,6393,0,0,822,1980,1354,1974,1348,1564,1073,1773,1194,0,0,0,0,0,0,0,0,0,0,0,0,0,0,0,0,0,0,0,0,0,0,1980,1974,1564,1773,0.9861712529682917,16.222377427014948,16.837110481586404,7,4.337659894657637,0.8486658701712465,0.34136212624584716,2.5691218130311615,0.7757588021044112,0.6838383838383838,0.6828774062816616,0.6860613810741688,0.6734348561759729
bruiser-heavy-breakthrough,bruiser_bombard,Demolition Charge,bruiser,order,2,4000,2000,3486,3371,0,3371,0,0,0,2991,2547,56852,59867,16855,16855,12734,0,0,3076,0,0,0,0,0,4827,3177,0,0,444,1799,1216,1771,1189,918,643,1413,903,0,0,0,0,0,0,0,0,0,0,0,0,0,0,0,0,0,0,0,0,0,0,1799,1771,918,1413,0.9670109007458405,16.308663224325876,17.759418570157223,5,,0.6581727781230577,0.14844533600802406,0,1,0.6759310728182324,0.6713721061547149,0.7004357298474946,0.6390658174097664
bruiser-heavy-breakthrough,bruiser_resupply,Combat Resupply,bruiser,order,2,4000,2000,3321,2895,0,2895,0,0,0,8096,7949,55718,63117,8685,0,0,0,0,0,0,0,0,0,0,9610,2832,0,0,147,1710,1160,1492,981,109,74,1454,951,0,0,0,0,0,0,0,0,0,0,0,0,0,0,0,0,0,0,0,0,0,0,1710,1492,109,1454,0.8717253839205059,16.777476663655527,21.802072538860102,3,,0.2946930280957336,0.018157114624505928,0,0,0.6783625730994152,0.6575067024128687,0.6788990825688074,0.6540577716643742
bruiser-heavy-breakthrough,bruiser_vanguard,Iron Vanguard,bruiser,unit,2,4000,2000,3558,3445,3445,0,2381,2538,10353,2656,2106,56976,59975,20670,15158,13317,17520,14402,1798,55368,4471,11439,2538,5500,5287,3215,0,0,550,1874,1273,1832,1231,771,520,1529,1012,0,0,0,0,0,0,0,0,0,0,0,0,0,0,0,0,0,0,0,0,0,0,1874,1832,771,1529,0.9682405845980888,16.013490725126477,17.409288824383164,6,4.50709219858156,0.6080953281634197,0.20707831325301204,2.67866473149492,0.7333333333333333,0.6792956243329776,0.6719432314410481,0.6744487678339819,0.6618705035971223
bruiser-heavy-breakthrough,bruiser_breach_caller,Breach Caller,bruiser,unit,2,4000,2000,3506,3385,3385,0,1309,2707,7179,2906,2380,57082,60336,16925,8640,7910,14112,11493,920,31700,2963,7095,2707,3542,5435,3136,0,0,526,1832,1242,1791,1202,700,441,1532,1027,4072,0,0,4072,2413.8333333333335,0,0,0,0,0,0,0,0,546,0,0,0,0,0,0,0,0,1832,1791,700,1532,0.9654877353108956,16.281232173417,17.824519940915806,5,2.620982637606206,0.5770009199632015,0.1810048176187199,1.8729689807976366,0.5104874446085672,0.6779475982532751,0.6711334450027917,0.63,0.6703655352480418
bruiser-heavy-breakthrough,bruiser_commander,Assault Commander,bruiser,leader,2,4000,2000,3509,3375,3375,0,2018,2718,8883,1871,1461,56956,57610,23625,18665,15475,17698,14811,2507,56357,3687,10485,2718,3594,3787,3136,0,0,410,1820,1238,1795,1215,987,683,1457,953,6519,0,0,5052,2945.5,0,0,0,0,0,0,0,0,0,0,0,0,0,0,0,0,0,1820,1795,987,1457,0.9618124821886578,16.231404958677686,17.06962962962963,7,3.857615894039735,0.8280961182994455,0.21913415285943347,2.3854814814814813,0.79005291005291,0.6802197802197802,0.6768802228412256,0.6919959473150963,0.6540837336993823
bruiser-heavy-breakthrough,bruiser_rally,Second Wind,bruiser,order,3,6000,2000,4592,626,0,626,0,0,0,47250,47065,53579,13344,1252,0,0,0,0,0,0,0,0,0,0,0,0,0,0,185,1892,1267,529,344,68,47,481,310,0,0,0,0,0,0,0,0,0,0,0,626,0,0,0,0,0,0,0,0,0,0,1892,529,68,481,0.13632404181184668,11.66790069686411,21.31629392971246,2,,,0.003915343915343915,0,0,0.669661733615222,0.6502835538752363,0.6911764705882353,0.6444906444906445
bruiser-heavy-breakthrough,bruiser_brawler,Scarred Brawler,bruiser,unit,2,4000,2000,3463,3164,3164,0,2302,2573,7906,4853,4442,56169,59379,12656,13734,11509,13933,11087,1912,28564,3052,9823,2573,3320,6888,2957,0,0,411,1800,1197,1643,1045,390,224,1516,967,1081,0,0,0,0,0,0,0,0,0,0,0,0,0,0,0,0,0,0,0,0,0,1800,1643,390,1516,0.9136586774473,16.21975166041005,18.76706700379267,4,3.817722502914885,0.4292973286875726,0.08468988254687822,2.256953223767383,1.0851769911504425,0.665,0.6360316494217894,0.5743589743589743,0.6378627968337731
syndicate-combined-arms,syndicate_security,Security Detail,syndicate,unit,3,6000,2000,4529,3695,3695,0,1745,2881,9392,10392,10386,61163,62424,14780,13860,12321,16150,13053,1740,30768,3490,10051,2881,5272,10999,3362,0,0,6,1874,1198,1607,979,349,195,1495,927,987,0,0,0,0,0,0,0,0,0,0,0,0,0,0,0,0,0,0,0,0,0,1874,1607,349,1495,0.8158533892691543,13.504747184809009,16.894181326116374,4,3.4887191947240543,0.3056641512864806,0.0005773672055427252,2.0817320703653586,0.9377537212449256,0.6392742796157951,0.6092097075295582,0.5587392550143266,0.620066889632107
syndicate-combined-arms,syndicate_intel,Intelligence Network,syndicate,order,2,4000,2000,2886,1777,0,1777,0,0,0,12307,12305,40520,40251,5331,0,0,0,0,0,0,0,0,0,0,11825,1765,0,0,2,1667,1088,1016,729,43,24,991,719,0,0,0,0,0,0,0,0,0,0,0,0,0,0,0,0,0,0,0,0,0,0,1667,1016,43,991,0.6157311157311157,14.04019404019404,22.651097355092855,3,,0.1492600422832981,0.00016250914113918907,0,0,0.6526694661067787,0.71751968503937,0.5581395348837209,0.7255297679112008
syndicate-combined-arms,syndicate_enforcer,Contract Enforcer,syndicate,unit,3,6000,2000,4525,4273,4273,0,4521,2853,15282,2925,2917,61573,61467,25638,26721,22018,25850,21801,4093,75378,6181,16047,2853,9959,6020,4036,0,0,8,1883,1225,1841,1193,1229,781,1392,963,0,0,0,0,0,0,0,0,0,0,0,0,0,0,0,0,0,0,0,0,0,0,1883,1841,1229,1392,0.9443093922651934,13.607292817679559,14.384975427100398,6,5.624605678233438,0.6704318936877076,0.002735042735042735,2.9400889304937983,1.0422419845541775,0.6505576208178439,0.6480173818576861,0.6354759967453214,0.6918103448275862
syndicate-combined-arms,syndicate_tactical_medic,Tactical Recovery Team,syndicate,unit,3,6000,2000,4629,4203,4203,0,2135,2719,14531,6477,6462,63036,65776,21015,11066,9628,20415,18082,1877,58910,5917,11715,2719,12248,8566,3840,0,0,15,1903,1215,1806,1123,734,423,1556,995,10801,0,0,0,0,10524,0,0,0,0,0,0,0,0,396,0,0,0,0,0,0,0,1903,1806,734,1556,0.9079714841218406,13.617627997407647,15.649773970973115,5,4.30856932695844,0.44828391314499183,0.002315886984715146,2.8032357839638355,0.5265762550559124,0.6384655806621125,0.6218161683277962,0.5762942779291553,0.6394601542416453
syndicate-combined-arms,syndicate_rapid_detail,Rapid Security Detail,syndicate,unit,3,6000,2000,4493,4304,4304,0,2499,3363,11899,1458,1456,61779,60076,21520,19696,17810,23905,19781,2259,52215,4554,13736,3363,5493,4890,4018,0,0,2,1871,1206,1845,1181,1321,826,1351,914,4938,0,0,0,0,0,0,0,0,0,0,0,3645,0,0,0,0,0,0,0,0,0,1871,1845,1321,1351,0.9579345648787002,13.750055642109949,13.95817843866171,5,4.084448409158489,0.8216768916155419,0.0013717421124828531,2.4263475836431225,0.9152416356877323,0.6445750935328701,0.6401084010840108,0.6252838758516276,0.6765358993338267
syndicate-combined-arms,syndicate_commander,Operations Director,syndicate,leader,2,4000,2000,3057,2816,2816,0,2121,2014,10155,1926,1868,41800,39667,19712,14068,11916,19316,16700,1985,63980,4236,11304,2014,5624,3018,2722,0,0,58,1751,1182,1726,1158,1063,708,1213,868,8140,0,0,8140,5749.5,0,0,0,0,0,0,0,0,0,0,0,0,0,0,0,0,0,1751,1726,1063,1213,0.921164540399084,13.673536146548905,14.086292613636363,7,5.612711022840119,0.901921802518224,0.030114226375908618,3.2457386363636362,0.713676948051948,0.6750428326670475,0.6709154113557358,0.6660395108184384,0.7155812036273702
syndicate-combined-arms,syndicate_courier,Blackline Courier,syndicate,unit,2,4000,2000,3045,2746,2746,0,1146,2101,7870,3978,3975,40046,41199,10984,6852,6146,11398,9427,965,27456,2985,8402,2101,4490,5955,2652,0,0,3,1737,1125,1594,1019,695,406,1280,861,2203,0,0,0,0,0,0,0,0,0,0,0,2203,0,0,0,0,0,0,0,0,0,1737,1594,695,1280,0.9018062397372743,13.151395730706076,15.003277494537508,4,3.999048072346502,0.44534005037783375,0.0007541478129713424,2.499635833940277,0.6238164603058995,0.6476683937823834,0.6392722710163111,0.5841726618705037,0.67265625
syndicate-combined-arms,syndicate_contractor,Armored Contractor,syndicate,unit,2,4000,2000,3100,3007,3007,0,3673,1990,10896,510,510,43122,42114,21049,23734,20186,23381,20929,3330,70462,4710,11187,1990,7128,3092,2787,0,0,0,1772,1199,1742,1173,1013,669,1197,850,508,0,0,0,0,0,0,0,0,0,0,0,0,0,0,0,0,0,0,0,0,0,1772,1742,1013,1197,0.97,13.910322580645161,14.00532091785833,7,5.621608040201005,0.9013583441138422,0,3.347522447622215,1.1275595040144424,0.6766365688487584,0.6733639494833524,0.6604146100691016,0.7101086048454469
syndicate-combined-arms,syndicate_counter,Override Protocol,syndicate,order,2,4000,2000,2854,925,0,925,0,0,0,19630,19630,34934,18686,1850,0,0,0,0,0,0,0,0,0,0,0,0,931,925,0,1732,1124,662,507,182,138,536,414,0,0,0,0,0,0,0,0,925,0,0,0,0,0,0,0,0,0,0,0,0,0,1732,662,182,536,0.3241065171688858,12.240364400840924,20.20108108108108,2,,0.9935553168635876,0,0,0,0.648960739030023,0.7658610271903323,0.7582417582417582,0.7723880597014925
syndicate-combined-arms,syndicate_precision_strike,Contract Strike,syndicate,order,2,4000,2000,2957,2628,0,2628,0,0,0,6412,6409,40041,44011,10512,7884,5919,0,0,1898,0,0,0,0,0,7152,2571,0,0,3,1712,1125,1595,1035,470,294,1403,928,0,0,0,0,0,0,0,0,0,0,0,0,0,0,0,0,0,0,0,0,0,0,1712,1595,470,1403,0.8887385864051404,13.541088941494758,16.74695585996956,4,,0.35947986577181207,0.0004678727386150967,0,0.75,0.657126168224299,0.6489028213166145,0.625531914893617,0.6614397719173201
syndicate-combined-arms,syndicate_coordinator,Operations Coordinator,syndicate,unit,2,4000,2000,3030,2820,2820,0,1247,2006,8667,2698,2697,42535,42540,14100,9781,8306,13589,11714,1312,34515,3328,7695,2006,6318,4844,2661,0,0,1,1737,1143,1654,1064,785,492,1234,837,6795,0,0,6795,4735.5,0,0,0,0,0,0,0,0,0,0,0,0,0,0,0,0,0,1737,1654,785,1234,0.9306930693069307,14.037953795379538,15.085106382978724,5,3.8359920239282155,0.5493393889347646,0.00037064492216456633,2.447872340425532,0.6936879432624113,0.6580310880829016,0.6432889963724304,0.6267515923566879,0.6782820097244733
syndicate-precision-operations,syndicate_courier,Blackline Courier,syndicate,unit,2,4000,2000,3508,3393,3393,0,1366,2930,8898,2316,2315,56923,58855,13572,9408,8653,15380,12285,1042,31476,2710,11421,2930,3045,4927,3207,0,0,1,1827,615,1780,584,864,239,1457,514,2455,0,0,0,0,0,0,0,0,0,0,0,2455,0,0,0,0,0,0,0,0,0,1827,1780,864,1457,0.9672177879133409,16.226624857468643,17.34600648393752,4,3.897952218430034,0.6509031865232393,0.0004317789291882556,2.319186560565871,0.6931918656056587,0.3366174055829228,0.32808988764044944,0.27662037037037035,0.35277968428277284
syndicate-precision-operations,syndicate_signal_lock,Signal Lock,syndicate,order,2,4000,2000,3066,164,0,164,0,0,0,33084,33082,35433,4511,492,0,0,0,0,0,0,0,0,0,0,20275,163,0,0,2,1813,612,142,68,3,0,140,68,0,0,0,0,0,0,0,0,0,0,0,0,0,0,0,0,0,0,0,164,282,120,1813,142,3,140,0.05348988910632746,11.556751467710372,27.50609756097561,3,,0.008039457459926017,0.00006045218232378189,0,0,0.3375620518477661,0.4788732394366197,0,0.4857142857142857
syndicate-precision-operations,syndicate_commander,Operations Director,syndicate,leader,2,4000,2000,3479,3320,3320,0,2582,2719,10766,1965,1695,56909,56381,23240,18929,16572,24281,20633,2288,67753,3678,14085,2719,3880,3599,3117,0,0,270,1821,668,1807,662,1063,400,1410,505,7749,0,0,7749,5453.833333333333,0,0,0,0,0,0,0,0,0,0,0,0,0,0,0,0,0,1821,1807,1063,1410,0.9542972118424835,16.357861454440933,16.98222891566265,7,5.180213313718279,0.8660739094192831,0.13740458015267176,2.9153614457831325,0.8145008605851979,0.36683141131246566,0.3663530713890426,0.37629350893697083,0.35815602836879434
syndicate-precision-operations,syndicate_eliminator,Contract Eliminator,syndicate,unit,3,6000,2000,5217,5165,5165,0,3192,4537,10700,592,576,85551,85423,36155,29745,23548,24737,19137,4055,71050,3858,13550,4537,2904,4800,4614,0,0,16,1913,687,1910,685,1393,510,1538,576,3754,0,0,0,0,0,0,0,0,0,0,0,3754,0,713,0,0,0,0,0,0,0,1913,1910,1393,1538,0.9900325857772666,16.39850488786659,16.538818973862536,7,2.9865549922856514,0.96125,0.02702702702702703,1.9651500484027105,0.8227077859217259,0.35912179822268686,0.3586387434554974,0.36611629576453697,0.37451235370611186
syndicate-precision-operations,syndicate_intel,Intelligence Network,syndicate,order,2,4000,2000,3262,2736,0,2736,0,0,0,9601,9601,52909,59278,8208,0,0,0,0,0,0,0,0,0,0,10622,2685,0,0,0,1728,615,1436,474,146,37,1375,461,0,0,0,0,0,0,0,0,0,0,0,0,0,0,0,0,0,0,0,0,0,0,1728,1436,146,1375,0.838749233599019,16.219803801348867,21.66593567251462,3,,0.2527772547542836,0,0,0,0.3559027777777778,0.33008356545961004,0.2534246575342466,0.3352727272727273
syndicate-precision-operations,syndicate_counter,Override Protocol,syndicate,order,2,4000,2000,3204,1014,0,1014,0,0,0,24151,24151,43131,20261,2028,0,0,0,0,0,0,0,0,0,0,0,0,1028,1014,0,1794,603,698,297,202,91,566,242,0,0,0,0,0,0,0,0,1014,0,0,0,0,0,0,0,0,0,0,0,0,0,1794,698,202,566,0.31647940074906367,13.461610486891386,19.981262327416175,2,,0.9863813229571985,0,0,0,0.33612040133779264,0.42550143266475643,0.4504950495049505,0.4275618374558304
syndicate-precision-operations,syndicate_precision_strike,Contract Strike,syndicate,order,3,6000,2000,5182,4837,0,4837,0,0,0,9406,9404,85019,94080,19348,14511,10487,0,0,3791,0,0,0,0,0,10116,4515,0,0,2,1893,664,1839,624,667,215,1720,585,0,0,0,0,0,0,0,0,0,0,0,0,0,0,0,0,0,0,0,0,0,0,1893,1839,667,1720,0.9334233886530298,16.406599768429178,19.450072358900144,4,,0.4463226571767497,0.00021263023601956197,0,0.75,0.3507659799260433,0.33931484502446985,0.32233883058470764,0.34011627906976744
syndicate-precision-operations,syndicate_coordinator,Operations Coordinator,syndicate,unit,2,4000,2000,3499,3383,3383,0,1669,2815,9566,2489,2488,57014,59394,16915,13959,12253,18088,15043,1519,41420,2978,11484,2815,4087,5107,3188,0,0,1,1820,644,1774,603,846,268,1425,492,7379,0,0,7379,5209.166666666667,0,0,0,0,0,0,0,0,0,0,0,0,0,0,0,0,0,1820,1774,846,1425,0.9668476707630752,16.294369819948557,17.55660656222288,5,4.0795737122557725,0.6242412375171333,0.0004017677782241864,2.4487141590304464,0.8252438663907774,0.35384615384615387,0.33990980834272827,0.31678486997635935,0.3452631578947368
syndicate-precision-operations,syndicate_rapid_detail,Rapid Security Detail,syndicate,unit,2,4000,2000,3456,3395,3395,0,1763,3023,7836,1414,1412,56221,57699,16975,16618,15229,19994,15914,1631,34600,2378,10706,3023,1759,4162,3187,0,0,2,1806,632,1790,616,1010,345,1380,505,3447,0,0,0,0,0,0,0,0,0,0,0,2279,0,0,0,0,0,0,0,0,0,1806,1790,1010,1380,0.9823495370370371,16.267650462962962,16.995287187039764,5,3.5415150512735694,0.7657376261412783,0.0014144271570014145,2.0382916053019144,0.9789690721649484,0.34994462901439644,0.34413407821229053,0.3415841584158416,0.36594202898550726
syndicate-precision-operations,syndicate_observer,Target Observer,syndicate,unit,2,4000,2000,3488,3171,3171,0,1695,2638,8991,5793,5792,55707,59714,9513,8715,7724,14223,11126,1321,22917,2479,11181,2638,4062,7693,2988,0,0,1,1833,634,1674,515,400,94,1543,491,0,0,0,0,0,0,0,0,0,0,0,0,0,0,268,0,0,0,0,0,0,0,1833,1674,400,1543,0.9091169724770642,15.971043577981652,18.831283506780196,3,4.2384382107657315,0.38840504354608085,0.00017262213015708613,2.4090192368338066,0.9161147902869757,0.3458810692853246,0.3076463560334528,0.235,0.31821127673363575
syndicate-precision-operations,syndicate_security,Security Detail,syndicate,unit,2,4000,2000,3516,3296,3296,0,1593,2909,7635,4287,4283,57524,60473,13184,13572,12374,15390,12102,1442,25920,2191,10003,2909,2411,6555,3088,0,0,4,1834,636,1743,566,566,154,1515,512,715,0,0,0,0,0,0,0,0,0,0,0,0,0,0,0,0,0,0,0,0,0,1834,1743,566,1515,0.9374288964732651,16.360637087599546,18.34739077669903,4,3.4386387074596083,0.47109077040427155,0.0009330534173081409,1.9660194174757282,1.0294296116504855,0.346782988004362,0.3247274813539874,0.27208480565371024,0.33795379537953796
syndicate-precision-operations,syndicate_contractor,Armored Contractor,syndicate,unit,2,4000,2000,3474,3434,3434,0,4060,2622,12305,607,499,56066,56311,24038,29501,25151,27139,23817,3948,77140,4358,15695,2622,5487,3457,3173,0,0,108,1830,681,1821,676,1024,408,1375,508,680,0,0,0,0,0,0,0,0,0,0,0,0,0,0,0,0,0,0,0,0,0,1830,1821,1024,1375,0.9884858952216465,16.13874496257916,16.398078043098426,7,5.9858886346300535,0.9178478449522708,0.17792421746293247,3.209085614443797,1.2272651634911391,0.3721311475409836,0.371224601867106,0.3984375,0.3694545454545455
nightwalker-sabotage,nightwalker_scout,Shadow Scout,nightwalker,unit,4,7992,1998,7510,7355,7355,0,7228,5729,24288,1473,1472,127952,126666,44130,42040,35459,45688,38434,6405,136830,9432,30605,5729,10333,7070,6368,0,0,1,1982,1227,1979,1224,1621,1013,1752,1093,7393,0,0,0,0,0,0,0,0,0,0,0,7393,0,1443,0,0,0,0,0,0,0,1982,1979,1621,1752,0.9793608521970706,17.037549933422103,17.221753908905505,6,5.342119043463082,0.9007072135785007,0.0006788866259334691,3.1006118286879674,0.9526399274869704,0.6190716448032291,0.6184941889843355,0.6249228871067243,0.6238584474885844
nightwalker-sabotage,nightwalker_beacon,Targeting Beacon,nightwalker,asset,1,1998,1998,1695,1183,1183,0,0,748,7297,6304,6303,24478,22744,4732,0,0,5913,5026,0,12224,1221,5404,748,7671,7281,1149,0,0,1,1555,952,1085,528,104,46,988,483,2069,0,0,2069,1117.2499999999998,0,0,0,0,0,0,0,0,0,0,0,0,0,0,0,0,0,1555,1085,104,988,0.6979351032448378,14.441297935103245,19.225697379543533,4,7.224598930481283,0.15780799340749896,0.00015862944162436547,2.5832628909551985,0,0.6122186495176849,0.48663594470046084,0.4423076923076923,0.4888663967611336
nightwalker-sabotage,nightwalker_strike,Surgical Strike,nightwalker,order,2,3996,1998,3647,3479,0,3479,0,0,0,3385,3384,63976,65526,13916,17395,13860,0,0,3057,0,0,0,0,0,5262,3294,0,0,1,1814,1134,1771,1103,881,561,1454,895,0,0,0,0,0,0,0,0,0,0,0,0,0,0,0,0,0,0,0,0,0,0,1814,1771,881,1454,0.9539347408829175,17.542089388538525,18.834722621442943,4,,0.6259977194982896,0.0002954209748892171,0,1.25,0.6251378169790518,0.6228119706380576,0.6367763904653803,0.6155433287482807
nightwalker-sabotage,nightwalker_recon,Night Reconnaissance,nightwalker,order,2,3996,1998,3566,3019,0,3019,0,0,0,10200,10196,62079,68965,9057,0,0,0,0,0,0,0,0,0,0,11428,2955,0,0,4,1772,1107,1503,937,148,92,1453,905,0,0,0,0,0,0,0,0,0,0,0,0,0,0,0,0,0,0,0,0,0,0,1772,1503,148,1453,0.8466068424004487,17.40858104318564,22.84365684001325,3,,0.2585754287714386,0.000392156862745098,0,0,0.6247178329571106,0.6234198270126414,0.6216216216216216,0.622849277357192
nightwalker-sabotage,nightwalker_blackout,Blackout Protocol,nightwalker,order,2,3996,1998,3189,295,0,295,0,0,0,36151,36150,38764,7099,590,0,0,0,0,0,0,0,0,0,0,21356,295,0,0,1,1835,1114,249,172,5,2,245,170,0,0,0,0,0,0,0,0,0,0,0,0,0,0,0,0,0,0,0,295,490,195,1835,249,5,245,0.092505487613672,12.155534650360615,24.064406779661017,2,,0.01381344821127552,0.00002766175209537772,0,0,0.6070844686648501,0.6907630522088354,0.4,0.6938775510204082
nightwalker-sabotage,nightwalker_withdraw,Fade Away,nightwalker,order,1,1998,1998,1797,1500,0,1500,0,0,0,4386,4386,30358,27617,1500,0,0,0,0,0,0,0,0,0,0,0,0,1942,1500,0,1552,928,1333,776,356,194,1007,598,0,0,0,0,0,0,0,0,0,0,0,0,0,0,0,0,0,0,0,0,0,0,1552,1333,356,1007,0.8347245409015025,16.893711741791876,18.411333333333335,1,,0.772399588053553,0,0,0,0.5979381443298969,0.582145536384096,0.5449438202247191,0.5938430983118173
nightwalker-sabotage,nightwalker_ambush,From the Dark,nightwalker,order,2,3996,1998,3600,3175,0,3175,0,0,0,7874,7874,63170,61211,9525,11216,10561,0,0,1148,0,0,0,0,0,0,0,3485,3175,0,1791,1118,1679,1018,629,385,1448,878,0,0,0,0,0,0,0,0,0,0,0,0,0,0,0,0,0,0,0,0,0,0,1791,1679,629,1448,0.8819444444444444,17.54722222222222,19.279055118110236,3,,0.9110473457675753,0,0,1.17753280839895,0.6242322724734785,0.6063132817153067,0.6120826709062003,0.606353591160221
nightwalker-sabotage,nightwalker_silencer,Silencer Team,nightwalker,unit,2,3996,1998,3704,3571,3571,0,2920,2930,8156,3179,3179,64782,67648,21426,23488,18035,16550,12682,3405,42468,3097,9444,2930,3575,5796,3322,0,0,0,1828,1148,1801,1124,724,423,1513,964,0,0,0,0,0,0,0,0,0,0,0,0,0,860,614,0,0,0,0,0,0,0,1828,1801,724,1513,0.9640928725701944,17.48974082073434,18.94371324558947,6,3.2232081911262798,0.5731538992408558,0,1.982077849341921,1.096238215252497,0.6280087527352297,0.6240977234869517,0.5842541436464088,0.637144745538665
nightwalker-sabotage,nightwalker_handler,Deep-cover Handler,nightwalker,unit,4,7992,1998,7419,7160,7160,0,3719,5552,22247,4838,4836,127916,130924,35800,23444,21028,36445,30497,2890,100370,8786,24458,5552,11957,9411,6467,0,0,2,1974,1213,1959,1198,1358,808,1797,1112,21965,0,0,16760,10503.333333333338,0,0,0,0,0,0,0,5205,0,0,0,0,0,0,0,0,0,1974,1959,1358,1797,0.9650896347216606,17.2416767758458,18.285474860335196,5,4.405259365994237,0.6871745829348634,0.00041339396444811904,2.803631284916201,0.6548603351955308,0.6144883485309017,0.6115364982133742,0.5949926362297496,0.6188091263216472
nightwalker-sabotage,nightwalker_commander,Veil Commander,nightwalker,leader,2,3996,1998,3699,3540,3540,0,3140,2830,11428,2028,2020,62820,62596,24780,23465,19050,21986,18421,3604,70259,4258,14731,2830,4290,3733,3289,0,0,8,1859,1169,1840,1153,1065,696,1466,926,7481,0,0,7481,4825.416666666666,0,0,0,0,0,0,0,0,0,573,0,0,0,0,0,0,0,1859,1840,1065,1466,0.9570154095701541,16.982968369829685,17.682485875706213,7,5.205300353356891,0.8810608090008036,0.0039447731755424065,2.8353107344632766,0.9469330104923325,0.6288327057557827,0.6266304347826087,0.6535211267605634,0.6316507503410641
nightwalker-sabotage,nightwalker_stalker,Veil Stalker,nightwalker,unit,3,5994,1998,5634,5444,5444,0,4519,4423,14369,2864,2863,97146,97677,27220,30359,25357,24859,19289,4347,63230,5388,17717,4423,6464,6886,5004,0,0,1,1945,1199,1917,1177,1252,757,1664,1008,4135,0,0,0,0,0,0,0,0,0,0,0,4135,0,0,0,0,0,0,0,0,0,1945,1917,1252,1664,0.9662761803336883,17.242811501597444,17.9421381337252,5,4.00565227221343,0.7266918385129247,0.00034916201117318437,2.3229243203526817,1.115319617927994,0.616452442159383,0.6139801773604591,0.604632587859425,0.6057692307692307
nightwalker-sabotage,nightwalker_saboteur,Cornered Saboteur,nightwalker,unit,1,1998,1998,1836,1706,1706,0,793,1452,3580,2725,2722,31415,33746,8530,6827,5572,5807,4450,953,15490,1392,4436,1452,1328,4166,1636,0,0,3,1570,949,1458,856,255,131,1234,739,154,0,0,0,0,0,0,0,0,0,0,0,0,0,0,0,0,0,0,0,0,0,1570,1458,255,1234,0.9291938997821351,17.110566448801745,19.780773739742088,5,3.0550964187327825,0.3927028324531925,0.0011009174311926607,1.8159437280187574,0.8003516998827667,0.6044585987261146,0.5871056241426612,0.5137254901960784,0.5988654781199352
nightwalker-assassination,nightwalker_ambush,From the Dark,nightwalker,order,2,3996,1998,3938,3368,0,3368,0,0,0,9889,9889,72262,67418,10104,11492,10884,0,0,865,0,0,0,0,0,0,0,3615,3368,0,1878,1358,1768,1265,616,423,1565,1138,0,0,0,0,0,0,0,0,0,0,0,0,0,0,0,0,0,0,0,0,0,0,1878,1768,616,1565,0.8552564753682073,18.349923819197564,20.017220902612827,3,,0.931673582295989,0,0,1.1373713380839272,0.7231096911608094,0.7154977375565611,0.6866883116883117,0.7271565495207668
nightwalker-assassination,nightwalker_scout,Shadow Scout,nightwalker,unit,2,3996,1998,3974,4481,4481,0,3536,2876,14542,933,932,71648,85728,26886,21195,17703,24616,21574,3098,83754,5806,14939,2876,6479,4074,3870,0,0,1,1896,1373,1885,1362,1058,765,1591,1165,4180,0,0,0,0,0,0,0,0,0,0,0,4180,0,619,0,0,0,0,0,0,0,1896,1885,1058,1591,1.1275792652239558,18.02918973326623,19.131443874135236,6,5.1943671766342145,0.9499263622974963,0.0010718113612004287,3.115152867663468,0.788328498103102,0.7241561181434599,0.7225464190981432,0.723062381852552,0.7322438717787555
nightwalker-assassination,nightwalker_commander,Veil Commander,nightwalker,leader,2,3996,1998,3975,4404,4404,0,3480,2876,13619,2751,2745,71286,85390,30828,24766,20158,24681,21612,3700,88879,5453,14561,2876,5182,4119,3874,0,0,6,1921,1411,1911,1404,1089,823,1637,1198,8543,0,0,8543,4756,0,0,0,0,0,0,0,0,0,589,0,0,0,0,0,0,0,1921,1911,1089,1637,1.1079245283018868,17.93358490566038,19.389191643960036,7,5.062934631432546,0.9405195435785385,0.0021810250817884407,2.8830608537693005,0.8033605812897366,0.7345132743362832,0.7346938775510204,0.7557392102846648,0.7318265119120342
nightwalker-assassination,nightwalker_recon,Night Reconnaissance,nightwalker,order,2,3996,1998,3814,3481,0,3481,0,0,0,9916,9916,70961,81208,10443,0,0,0,0,0,0,0,0,0,0,11552,3411,0,0,0,1825,1325,1701,1241,174,121,1665,1221,0,0,0,0,0,0,0,0,0,0,0,0,0,0,0,0,0,0,0,0,0,0,1825,1701,174,1665,0.9126900891452543,18.60540115364447,23.328928468830796,3,,0.2952735457063712,0,0,0,0.726027397260274,0.7295708406819518,0.6954022988505747,0.7333333333333333
nightwalker-assassination,nightwalker_marksman,Ghost Marksman,nightwalker,unit,4,7992,1998,7982,7826,7826,0,2810,6628,15834,2820,2801,146327,146411,46956,36046,26739,26306,20602,4775,81468,5684,18395,6628,5400,8487,7099,0,0,19,1985,1418,1979,1413,1562,1127,1815,1312,0,0,0,0,0,0,0,0,0,0,0,0,0,0,507,0,0,0,0,0,0,0,1985,1979,1562,1815,0.9804560260586319,18.33212227511902,18.708280092001022,6,2.7753470126735063,0.8364557558619065,0.00673758865248227,1.7349859442882698,0.7676548257943607,0.7143576826196474,0.7139969681657403,0.7215108834827144,0.7228650137741047
nightwalker-assassination,nightwalker_blade,Silent Blade,nightwalker,unit,3,5994,1998,5893,5932,5932,0,4857,4209,17708,8089,8089,106321,120702,23728,30173,24715,24730,19753,4536,64192,6773,19439,4209,8729,10853,5268,0,0,0,1948,1392,1900,1345,636,400,1829,1313,0,0,0,0,0,0,0,0,0,0,0,0,0,0,786,0,0,0,0,0,0,0,1948,1900,636,1829,1.0066180213812999,18.0419141354149,20.347606203641266,4,4.618436683297696,0.48539574311250344,0,2.7053270397842213,1.2716200269723534,0.7145790554414785,0.7078947368421052,0.6289308176100629,0.7178786221979223
nightwalker-assassination,nightwalker_strike,Surgical Strike,nightwalker,order,3,5994,1998,6016,5702,0,5702,0,0,0,5926,5926,112824,113771,22808,28510,23284,0,0,4760,0,0,0,0,0,8134,5342,0,0,0,1941,1397,1922,1378,1170,849,1765,1269,0,0,0,0,0,0,0,0,0,0,0,0,0,0,0,0,0,0,0,0,0,0,1941,1922,1170,1765,0.9478058510638298,18.75398936170213,19.952823570676955,4,,0.6567494467666585,0,0,1.25,0.71973209685729,0.7169614984391259,0.7256410256410256,0.7189801699716714
nightwalker-assassination,nightwalker_ghost_extraction,Ghost Extraction,nightwalker,order,3,5994,1998,5554,2574,0,2574,0,0,0,40797,40797,88215,66083,5148,0,0,0,0,0,0,0,0,0,0,22314,2391,0,0,0,1948,1388,1234,840,92,60,1206,820,0,0,0,0,0,0,0,0,0,0,0,0,0,0,0,0,0,0,0,0,0,0,1948,1234,92,1206,0.46344976593446163,15.883147281238747,25.673271173271175,2,,0.10715246033880076,0,0,0,0.7125256673511293,0.6807131280388979,0.6521739130434783,0.6799336650082919
nightwalker-assassination,nightwalker_silencer,Silencer Team,nightwalker,unit,3,5994,1998,5984,6238,6238,0,5135,4654,15195,3303,3300,109961,122692,37428,39254,31931,27521,21492,5542,80322,6001,16382,4654,6605,7461,5590,0,0,3,1975,1415,1967,1409,1283,898,1771,1307,0,0,0,0,0,0,0,0,0,0,0,0,0,1408,1003,0,0,0,0,0,0,0,1975,1967,1283,1771,1.0424465240641712,18.375835561497325,19.668483488297532,6,3.5199828104856037,0.749229325827637,0.0009082652134423251,2.1460403975633215,1.0487870043817462,0.7164556962025317,0.7163192679206914,0.6999220576773187,0.7380011293054771
nightwalker-assassination,nightwalker_assault,Dusk Assault Team,nightwalker,unit,2,3996,1998,3965,4140,4140,0,3057,2928,11354,3086,3086,72716,81676,20700,20639,17099,17282,13774,2833,49970,4343,11573,2928,5857,5991,3815,0,0,0,1895,1358,1875,1339,755,489,1689,1240,0,0,0,0,0,0,0,0,0,0,0,0,0,756,0,0,0,0,0,0,0,0,1895,1875,755,1689,1.0441361916771752,18.339470365699874,19.728502415458937,5,3.9525273224043715,0.6367885161074945,0,2.414009661835749,0.9970531400966184,0.716622691292876,0.7141333333333333,0.6476821192052981,0.7341622261693309
rogue-scavenger,rogue_commander,Route Commander,rogue,leader,2,3996,1998,3123,3167,3167,0,1802,2371,8779,1613,1608,42342,45630,22169,12974,11164,20203,17838,1712,59962,3118,10254,2371,3221,3206,3058,0,0,5,1713,653,1696,643,1064,405,1241,501,15460,0,0,7000,5520,5085.5,0,0,0,0,0,0,3281,0,0,0,0,0,0,0,0,0,1713,1696,1064,1241,1.0140890169708614,13.558117195004803,14.40795705715188,7,4.324757486292704,0.9538365564566438,0.0030998140111593306,2.7047679191664034,0.585231629753259,0.3812025685931115,0.37912735849056606,0.3806390977443609,0.40370668815471394
rogue-scavenger,rogue_outrider,Dust Outrider,rogue,unit,3,5994,1998,4726,4586,4586,0,3709,3300,13864,3909,3909,63181,66760,18344,18451,16182,24988,21095,2674,47784,4584,14833,3300,7651,7093,4282,0,0,0,1903,674,1832,633,1246,411,1415,474,4289,0,0,0,0,0,0,0,0,0,0,0,4289,0,0,0,0,0,0,0,0,0,1903,1832,1246,1415,0.9703766398645789,13.368810833685993,14.557348451809856,4,4.494848484848485,0.6036937826025659,0,2.604884430876581,1.005832969908417,0.35417761429322125,0.3455240174672489,0.32985553772070625,0.334982332155477
rogue-scavenger,rogue_trailguard,Trail Guard,rogue,unit,2,3996,1998,3199,3486,3486,0,2817,2411,9678,890,890,43320,49684,20916,18828,17235,25766,22509,2036,53184,3503,10517,2411,3812,3706,3231,0,0,0,1757,666,1722,648,1052,418,1269,485,4326,0,0,0,0,0,0,0,0,0,0,0,3329,0,0,0,0,0,0,0,0,0,1757,1722,1052,1269,1.0897155361050328,13.541731791184745,14.252438324727482,6,4.362090418913314,0.8718294657312466,0,2.542742398164085,0.9001721170395869,0.3790552077404667,0.37630662020905925,0.3973384030418251,0.3821907013396375
rogue-scavenger,rogue_raid,Hit and Run,rogue,order,3,5994,1998,4755,4333,0,4333,0,0,0,8919,8918,65823,74743,12999,12999,10028,0,0,3150,0,0,0,0,0,9798,4114,0,0,1,1883,667,1797,660,693,220,1606,620,0,0,0,0,0,0,0,0,0,0,0,0,0,0,0,0,0,0,0,0,0,0,1883,1797,693,1606,0.9112513144058886,13.842902208201894,17.249711516270484,3,,0.4198816084915289,0.0001121201928467317,0,1,0.35422198619224643,0.3672787979966611,0.31746031746031744,0.386052303860523
rogue-scavenger,rogue_reclaim,Pull Back,rogue,order,3,5994,1998,4653,2233,0,2233,0,0,0,23384,23384,58327,45260,2233,0,0,0,0,0,0,0,0,0,0,14666,2211,0,0,0,1910,665,1183,382,225,75,1054,334,0,0,0,0,0,0,0,0,0,0,0,0,0,0,0,0,0,0,0,0,0,0,1910,1183,225,1054,0.4799054373522459,12.535353535353535,20.26869682042096,1,,0.15075685258420837,0,0,0,0.3481675392670157,0.3229078613693998,0.3333333333333333,0.31688804554079697
rogue-scavenger,rogue_broker,Salvage Broker,rogue,unit,3,5994,1998,4682,4650,4650,0,1889,3424,14359,1477,1477,61215,63608,23250,11338,10343,24113,21027,1520,62525,4986,14541,3424,8214,5251,4329,0,0,0,1886,688,1855,661,1361,477,1375,490,7895,0,0,0,0,0,0,0,0,0,0,0,4198,0,0,0,0,3697,3697,0,0,0,1886,1855,1361,1375,0.9931653139683896,13.07454079453225,13.679139784946237,5,4.24678738317757,0.8244143972576652,0,2.689247311827957,0.4876559139784946,0.3647932131495228,0.35633423180592994,0.3504775900073475,0.3563636363636364
rogue-scavenger,rogue_retreat,Break Contact,rogue,order,2,3996,1998,3241,2645,0,2645,0,0,0,7112,7112,45356,41868,2645,0,0,0,0,0,0,0,0,0,0,0,0,3297,2645,0,1776,643,1554,521,638,195,1247,429,0,0,0,0,0,0,0,0,0,0,0,0,0,0,0,0,0,0,0,0,0,0,1776,1554,638,1247,0.8161061400802222,13.994446158593027,15.829111531190927,1,,0.8022444646648468,0,0,0,0.36204954954954954,0.33526383526383524,0.3056426332288401,0.3440256615878107
rogue-scavenger,rogue_rally,Keep Moving,rogue,order,2,3996,1998,2837,191,0,191,0,0,0,25141,25141,27923,3875,382,0,0,0,0,0,0,0,0,0,0,0,0,0,0,0,1776,611,180,48,15,4,165,44,0,0,0,0,0,0,0,0,0,0,0,191,0,0,0,0,0,0,0,0,0,0,1776,180,15,165,0.06732463870285513,9.842439196334157,20.287958115183248,2,,,0,0,0,0.34403153153153154,0.26666666666666666,0.26666666666666666,0.26666666666666666
rogue-scavenger,rogue_bulwark,Patchwork Bulwark,rogue,unit,3,5994,1998,4635,4770,4770,0,3216,3033,14477,4387,4386,61252,71326,28620,20777,18749,28672,24823,2361,71094,5400,13258,3033,9041,7430,4357,0,0,1,1870,688,1840,672,1106,407,1455,529,3687,0,0,0,0,0,0,0,0,0,0,0,0,0,0,0,0,2891,2891,0,0,0,1870,1840,1106,1455,1.029126213592233,13.215102481121898,14.953039832285116,6,4.3712495878667985,0.5864064602960969,0.00022794620469569182,2.4840670859538783,0.7259608665269043,0.3679144385026738,0.3652173913043478,0.3679927667269439,0.363573883161512
rogue-scavenger,rogue_salvage,Salvage Crew,rogue,unit,2,3996,1998,3150,2931,2931,0,1648,1797,9710,6170,6170,40887,47544,14655,8212,7320,17184,15278,1290,39300,3490,8372,1797,6841,7654,2684,0,0,0,1764,639,1563,527,565,144,1281,460,6471,0,0,0,0,6287.000000000002,0,0,0,0,0,0,0,0,0,0,0,0,0,0,0,0,1764,1563,565,1281,0.9304761904761905,12.98,16.221084953940636,5,4.658875904284919,0.3506663182649595,0,2.6816786079836232,0.5603548277038554,0.3622448979591837,0.3371721049264235,0.25486725663716814,0.3590944574551132
rogue-scavenger,rogue_workshop,Field Workshop,rogue,asset,1,1998,1998,1443,1067,1067,0,0,522,3916,7497,7497,15147,20195,5335,0,0,6739,6134,0,11790,757,2378,522,2240,8209,937,0,0,0,1388,485,797,135,133,12,697,125,1172,0,0,0,0,1160.5,0,0,0,0,0,0,0,0,0,0,0,0,0,0,0,0,1388,797,133,697,0.7394317394317395,10.496881496881496,18.926897844423618,5,4.555555555555555,0.11414301376537946,0,2.209934395501406,0,0.34942363112391933,0.16938519447929737,0.09022556390977443,0.1793400286944046
rogue-wildcard,rogue_repair_courier,Repair Courier,rogue,unit,3,5994,1998,4368,4110,4110,0,1766,3107,12914,7824,7823,61763,72998,16440,11165,10228,22041,19367,1418,43004,4102,13051,3107,7783,9665,3821,0,0,1,1889,652,1746,556,532,123,1580,507,10552,0,0,0,0,7851.499999999995,0,0,0,0,0,0,2360,0,0,0,0,0,0,0,0,0,1889,1746,532,1580,0.9409340659340659,14.139880952380953,17.761070559610705,4,4.2005149662053425,0.3953440248318676,0.0001278118609406953,2.6158150851581508,0.6791362530413625,0.3451561672842774,0.31844215349369986,0.231203007518797,0.3208860759493671
rogue-wildcard,rogue_trailguard,Trail Guard,rogue,unit,2,3996,1998,2937,3091,3091,0,2099,2268,9063,970,970,43654,48332,18546,17599,15923,22858,20010,1868,47712,3246,10007,2268,4016,3669,2948,0,0,0,1713,652,1697,640,979,374,1206,435,3657,0,0,0,0,0,0,0,0,0,0,0,2585,0,0,0,0,0,0,0,0,0,1713,1697,979,1206,1.0524344569288389,14.863466121893088,15.636363636363637,6,4.412257495590829,0.8034886890160807,0,2.5726302167583306,0.9489377763399116,0.38061879743140686,0.37713612256923984,0.38202247191011235,0.36069651741293535
rogue-wildcard,rogue_lancer,Improvised Lancer,rogue,unit,3,5994,1998,4441,4338,4338,0,2730,3645,10125,3662,3656,64082,68969,21690,20853,17962,20074,16640,2854,44555,3313,12335,3645,3596,6917,4150,0,0,6,1891,679,1848,641,1090,338,1499,525,2675,0,0,0,0,0,0,0,0,0,0,0,2675,0,678,0,0,0,0,0,0,0,1891,1848,1090,1499,0.9768070254447196,14.4296329655483,15.898801290917474,5,3.384087791495199,0.5999710857308082,0.0016384489350081922,2.0541724296911017,0.9614107883817428,0.3590692755156002,0.34686147186147187,0.3100917431192661,0.35023348899266177
rogue-wildcard,rogue_raid,Hit and Run,rogue,order,3,5994,1998,4384,3965,0,3965,0,0,0,10917,10917,64057,74993,11895,11895,8860,0,0,2809,0,0,0,0,0,10856,3783,0,0,0,1864,645,1760,587,443,108,1651,557,0,0,0,0,0,0,0,0,0,0,0,0,0,0,0,0,0,0,0,0,0,0,1864,1760,443,1651,0.9044251824817519,14.61154197080292,18.91374527112232,3,,0.34847089167280765,0,0,1,0.34603004291845496,0.33352272727272725,0.24379232505643342,0.33737129012719563
rogue-wildcard,rogue_commander,Route Commander,rogue,leader,2,3996,1998,2886,2924,2924,0,1612,2264,8663,1488,1381,40957,44938,20468,13034,11273,18988,16810,1614,56350,3127,9819,2264,3845,3167,2846,0,0,107,1730,640,1722,632,1019,416,1246,425,14711,0,0,7093,4736,4774.499999999999,0,0,0,0,0,0,2686,0,0,0,0,0,0,0,0,0,1730,1722,1019,1246,1.0131670131670132,14.191614691614692,15.368673050615595,7,4.337014134275618,0.8986422481844016,0.07190860215053764,2.753077975376197,0.6367989056087552,0.3699421965317919,0.3670150987224158,0.408243375858685,0.34109149277688605
rogue-wildcard,rogue_raider,Road Raider,rogue,unit,3,5994,1998,4403,4797,4797,0,5930,3714,11176,623,607,59644,68915,33579,39294,31537,32800,27586,5694,72751,4010,13075,3714,3827,4605,4437,0,0,16,1875,691,1868,684,1424,562,1408,509,3900,0,0,0,0,0,0,0,0,0,0,0,3900,1977,0,0,0,0,0,0,0,0,1875,1868,1424,1408,1.089484442425619,13.546218487394958,14.36627058578278,7,3.520463112547119,0.9635179153094463,0.025682182985553772,2.1665624348551176,1.1701956580005362,0.3685333333333333,0.36616702355460384,0.3946629213483146,0.3615056818181818
rogue-wildcard,rogue_rally,Keep Moving,rogue,order,3,5994,1998,4173,205,0,205,0,0,0,42974,42974,48862,4670,410,0,0,0,0,0,0,0,0,0,0,0,0,0,0,0,1883,630,191,56,18,8,175,50,0,0,0,0,0,0,0,0,0,0,0,205,0,0,0,0,0,0,0,0,0,0,1883,191,18,175,0.04912532949916128,11.709082195063504,22.78048780487805,2,,,0,0,0,0.3345724907063197,0.2931937172774869,0.4444444444444444,0.2857142857142857
rogue-wildcard,rogue_outrider,Dust Outrider,rogue,unit,3,5994,1998,4386,4310,4310,0,3331,3138,13826,6892,6890,60895,72561,17240,18326,15636,23375,19562,2636,46584,4117,15195,3138,7212,9139,3982,0,0,2,1883,655,1767,560,780,171,1539,500,3452,0,0,0,0,0,0,0,0,0,0,0,3452,0,0,0,0,0,0,0,0,0,1883,1767,780,1539,0.982672138622891,13.883948928408573,16.835498839907192,4,4.842256214149139,0.43571506729401466,0.0002901915264074289,2.7020881670533643,1.0629930394431555,0.34784917684545935,0.31692133559705715,0.21923076923076923,0.3248862897985705
rogue-wildcard,rogue_skirmisher,Frontier Skirmisher,rogue,unit,2,3996,1998,2911,3001,3001,0,2678,2302,8451,1549,1545,40878,45553,15005,16591,14093,16772,14157,2436,36530,2706,10089,2302,3435,4143,2909,0,0,4,1739,616,1716,597,907,303,1248,443,2472,0,0,0,0,0,0,0,0,0,0,0,2472,0,0,0,0,0,0,0,0,0,1739,1716,907,1248,1.0309172105805564,14.042597045688767,15.179273575474841,5,4.382710686359688,0.7021482017861453,0.0025823111684958036,2.434521826057981,1.1056981006331223,0.3542265669925244,0.3479020979020979,0.3340683572216097,0.35496794871794873
rogue-wildcard,rogue_reclaim,Pull Back,rogue,order,2,3996,1998,2976,1575,0,1575,0,0,0,15904,15904,42243,34106,1575,0,0,0,0,0,0,0,0,0,0,11325,1435,0,0,0,1767,589,1071,319,144,49,969,282,0,0,0,0,0,0,0,0,0,0,0,0,0,0,0,0,0,0,0,0,0,0,1767,1071,144,969,0.5292338709677419,14.194556451612904,21.654603174603174,1,,0.12671081677704193,0,0,0,0.3333333333333333,0.29785247432306255,0.3402777777777778,0.29102167182662536
